Num. de Lamb ,Rel. D1/D2,3dB bandwidth,Dir Plan H dB,Side Lobe Level
5.0,0.6,10.599999999999994,15.367240006721802,13.992528704240573
7.0,0.6,7.599999999999994,17.158240665194,14.18074816334524
7.0,1.0,7.400000000000006,17.703167944871602,13.813070649579533
7.0,1.4,7.199999999999989,17.712877096451898,13.277933166018858
7.0,1.8,7.400000000000006,17.744345411033603,13.416212834422161
7.0,2.0,7.400000000000006,17.780572526342898,13.369704004669387
10.0,0.6,5.199999999999989,18.895075187485602,14.403539213217304
